Title;Genre;Language;Summary;Link
Strawberry Shortcake;Kids & Family;EN;Strawberry Shortcake and her friends learn valuable lessons about friendship and about their lives while they explore and experience all kinds of adventures in Strawberryland.;https://watch.plex.tv/live-tv/channel/strawberry-shortcake
Sonic The Hedgehog;Kids & Family;EN;Sonic The Hedgehog 24/7.;https://watch.plex.tv/live-tv/channel/sonic-the-hedgehog
FilmRise Free Movies;Movies;EN;Enjoy blockbuster movies 24/7 featuring A-list stars like Drew Barrymore, Tom Hanks, Jodi Foster, David Oyelowo and many more.;https://watch.plex.tv/live-tv/channel/filmrise-free-movies-2
Dr. G: Medical Examiner;Drama TV;EN;Renowned coroner Dr. Jan Garavaglia provides explanations and theories for mysterious causes of death that don’t make visible sense.;https://watch.plex.tv/live-tv/channel/dr-g-medical-examiner
Crime Scene TV;True Crime;EN;When tackling a crime, the investigator's only solution is to make the clues talk! There is no such thing as a perfect crime.;https://watch.plex.tv/live-tv/channel/crime-scene-tv
Unsolved Mysteries;True Crime;EN;Hosted by Robert Stack, this series uses reenactments and interviews to retell the circumstances of mysteries that remain unsolved. Covering crimes, tales of lost love, unexplained history and paranormal events.;https://watch.plex.tv/live-tv/channel/unsolved-mysteries
Hot Ones;Daytime TV;EN;Watch an infinite marathon of spicy interviews featuring host Sean Evans, A-list celebrities and an increasingly intense selection of hot sauces.;https://watch.plex.tv/live-tv/channel/hot-ones-2
Beyond Belief;History & Science;EN;In this all-day marathon of the classic anthology series, host Jonathan Frakes presents 5 incredible stories and challenges viewers to figure out which are “fact” and which are “fiction.”;https://watch.plex.tv/live-tv/channel/beyond-belief-2
The Rifleman;Classic TV;EN;In one of TV's first series featuring a single father, veteran and rancher Lucas McCain wields his trusty rifle to enforce the laws of the Wild West. Starring the late Chuck Connors and Johnny Crawford.;https://watch.plex.tv/live-tv/channel/the-rifleman
Highway to Heaven;Classic TV;EN;Binge the classic '80s family drama anytime. An angel is sent to Earth and teams up with an ex-cop to help people in need. Starring Michael Landon and Victor French.;https://watch.plex.tv/live-tv/channel/highway-to-heaven-2
Fifth Gear (UK);Reality;EN;Fifth Gear is the car show for true motor enthusiasts – putting the cars, and their performance, front and centre of the show.;https://watch.plex.tv/live-tv/channel/fifth-gear-uk
FilmRise Free Series;Hit TV;EN;This channel features beloved series in your favorite genres. Enjoy hit comedies KIM'S CONVENIENCE and THE KIDS IN THE HALL, crime series UNSOLVED MYSTERIES, sci-fi classic ANDROMEDA and much more.;https://watch.plex.tv/live-tv/channel/filmrise-free-series
Beyblade;Kids & Family, Anime & Gaming;EN;Now playing: Beyblade Metal Saga. Follow the adventures of Gingka and his fellow Bladers as they save the world from evil-doers with help from their powerful Beys.;https://watch.plex.tv/live-tv/channel/beyblade
World's Wildest Police Videos;Reality;EN;From car chases and captures to robberies and riots, watch the most outrageous police videos on this 24/7 channel of World's Wildest Police Videos hosted by retired Sheriff John Bunnell.;https://watch.plex.tv/live-tv/channel/worlds-wildest-police-videos
Dick Van Dyke;Classic TV;EN;"One of television's most celebrated shows, ""The Dick Van Dyke Show"" follows the misadventures of comedy writer Rob Petrie. Starring the legendary Dick Van Dyke and Emmy Award winner Mary Tyler Moore.";https://watch.plex.tv/live-tv/channel/dick-van-dyke
FilmRise Anime;Anime & Gaming;EN;Discover incredible power and conquer evil with the help of your friends in the hit sagas BAKUGAN and BEYBLADE.;https://watch.plex.tv/live-tv/channel/filmrise-anime-3
UFC;Sports;EN;24/7 UFC action. Celebrate the greatest fights, best athletes, and biggest moments from the world's premier MMA organization.;https://watch.plex.tv/live-tv/channel/ufc-2
Corner Gas;Comedy;EN;A quirky hit sitcom about a bunch of nobodies who get up to a whole lot of nothing in the fictional prairie town of Dog River, Saskatchewan.;https://watch.plex.tv/live-tv/channel/corner-gas-2
MYSTERY TV;History & Science;EN;The supernatural and the unexplained, from UFOs to curses. Lift the lid on conspiracies to explore the world’s greatest mysteries.;https://watch.plex.tv/live-tv/channel/mystery-tv
INSIDE CRIME;True Crime;EN;Step into real life crime scenes and courtrooms, and piece together the clues to expose the truth that hides behind the headlines.;https://watch.plex.tv/live-tv/channel/inside-crime
WORLD WAR TV;History & Science;EN;The conflicts that shaped our world and the superpower stand-offs. Discover the players and inventions in these theatres of war.;https://watch.plex.tv/live-tv/channel/world-war-tv
DEAL MASTERS;Reality;EN;Unleash your inner dealmaker and join us for the hustle, the haggle, and the ultimate thrill of sealing the deal.;https://watch.plex.tv/live-tv/channel/deal-masters
HISTORY HUNTERS;History & Science;EN;Uncover the secrets of Britain’s past through ground-breaking quests and discover how our history has made us who we are today.;https://watch.plex.tv/live-tv/channel/history-hunters
TRACE UK;Music;EN;TRACE UK brings the hottest hip-hop, grime, afrobeats, rap and chart topping music videos dominating the UK and Global charts.;https://watch.plex.tv/live-tv/channel/trace-uk
NewsWorld;News;EN;Multiple leading global news networks all in one LIVE 24/7 channel - with a real world view of the news!;https://watch.plex.tv/live-tv/channel/newsworld
RCM;Movies;EN;RCM is the premium channel for discerning movie lovers to help easily discover and enjoy high quality classic films.;https://watch.plex.tv/live-tv/channel/rcm
Action Hollywood Movies;Sci-Fi & Action;EN;Action Hollywood Movies is dedicated to fast-paced classic Hollywood action movies with big stars, e.g. Bruce Lee, Jacky Chan etc.;https://watch.plex.tv/live-tv/channel/action-hollywood-movies
GB News;News;EN;GB News features the best of live, breaking news from the UK, Europe and around the world, hosted by popular news presenters.;https://watch.plex.tv/live-tv/channel/gb-news
Operation Repo;Reality;EN;Ride along with a team of highly-trained professionals as they repossess cars ... no matter how angry the owners may get.;https://watch.plex.tv/live-tv/channel/operation-repo
Mr. Bean;Kids & Family;EN;Follow the daily adventures of Mr Bean and Teddy as he stumbles from one mishap to the next.;https://watch.plex.tv/live-tv/channel/mr-bean
Escape to the Country;Food & Home;EN;Join homeowners as they transform their lifestyles to swap urban hot spots for the tranquility of countryside living.;https://watch.plex.tv/live-tv/channel/escape-to-the-country
Get.Factual;History & Science;EN;Get.factual is a documentary streaming channel covering history, science, technology, and nature.;https://watch.plex.tv/live-tv/channel/get-factual
Life+Style;Lifestyle;EN;Home of DIY, design, food, inspiration and million-dollar real estate.;https://watch.plex.tv/live-tv/channel/lifestyle
Go Xplorer;History & Science;EN;Adventure seekers and curious minds unite.;https://watch.plex.tv/live-tv/channel/go-xplorer
Nosey;Daytime TV;EN;The Springer “circus”, Maury’s classic “you are the father!” and hundreds of other memorable moments available all day, every day.;https://watch.plex.tv/live-tv/channel/nosey
Bridezillas;Reality;EN;Follow brides on their tumultuous journeys leading up to the big day.;https://watch.plex.tv/live-tv/channel/bridezillas
Deal Or No Deal;Game Shows;EN;Deal Or No Deal is the hit game show where contestants play for a top cash prize in a contest of nerves and raw intuition.;https://watch.plex.tv/live-tv/channel/deal-or-no-deal-3
Untold Stories of the ER;Reality;EN;On this channel, doctors and nurses chronicle their most memorable emergency room cases alongside dramatic reenactments.;https://watch.plex.tv/live-tv/channel/untold-stories-of-the-er
GREAT! mystery;Drama TV;EN;GREAT! mystery…the home of the ‘Who Done It?’. Leading mystery franchises during the day, and thrilling crime from nine.;https://watch.plex.tv/live-tv/channel/great-mystery-2
Unspeakable;Reality;EN;Join Internet sensation Nathan Graham as he pulls pranks and competes in wild challenges with friends on this never-ending 24/7 channel.;https://watch.plex.tv/live-tv/channel/unspeakable
Death Valley Days;Classic TV;EN;Enjoy a remastered version of one of the longest-running Western series. Death Valley Days recounts true Wild West stories presented by Clint Eastwood, Ronald Reagan and other stars.;https://watch.plex.tv/live-tv/channel/death-valley-days
Ice Pilots NWT;Reality;EN;The adventures of pilots and would-be pilots at Buffalo Airways, an extraordinary little northern airline with the most unusual fleet in the world.;https://watch.plex.tv/live-tv/channel/ice-pilots-nwt
Bon Voyage;Nature & Travel;EN;Go beyond the surface and discover the soul of a destination.;https://watch.plex.tv/live-tv/channel/bon-voyage
POP UP;Kids & Family;EN;POP UP has well, popped up! Enjoy a fab, fun new channel with Pop favourites taking over. Back-to-back episodes - now!;https://watch.plex.tv/live-tv/channel/pop-up
FIFA+;Sports;EN;Football entertainment for fans including documentaries, original series and historic full match replays and highlights.;https://watch.plex.tv/live-tv/channel/fifa-3
Unity in Black by kweliTV;Black Entertainment;EN;Celebrates the diverse stories and cultures that collectively shape the Black experience worldwide through acclaimed films & shows.;https://watch.plex.tv/live-tv/channel/unity-in-black-by-kwelitv
Startalk TV;History & Science;EN;Join Neil deGrasse Tyson and fellow experts as they explore the scientific wonders of Earth and the universe.;https://watch.plex.tv/live-tv/channel/startalk-tv
21 Jump Street;Classic TV;EN;To combat a rise in school crimes, LAPD sends four young-looking officers to high school to pose as students. Starring Johnny Depp, Holly Robinson, Peter DeLuise and Dustin Nguyen.;https://watch.plex.tv/live-tv/channel/21-jump-street
PBS Science;History & Science;EN;From planet Earth to the cosmos, PBS Science has mind-blowing films for science fans.;https://watch.plex.tv/live-tv/channel/pbs-science
Tiny Pop;Kids & Family;EN;Tiny Pop is a fun, safe environment for children to laugh, learn, and grow with programming that inspires big imagination.;https://watch.plex.tv/live-tv/channel/tiny-pop
POP;Kids & Family;EN;POP is home to high-energy adventure and fast-paced comedy, serving up strong storylines, humour, and edge-of-your-seat thrills.;https://watch.plex.tv/live-tv/channel/pop
Fite 24/7;Sports;EN;Boxing, wrestling, MMA, and more, coming at you in PPV, live fights, replays, throwbacks, interviews, and original series.;https://watch.plex.tv/live-tv/channel/fite-24-7
Grace & Frankie;Hit TV;EN;They’re not friends, but when their husbands leave them for each other, proper Grace and eccentric Frankie begin to bond.;https://watch.plex.tv/live-tv/channel/grace-and-frankie
GREAT! romance;Movies;EN;GREAT! romance is a world of warm and wonderful love stories that speak to the heart, from the heart.;https://watch.plex.tv/live-tv/channel/great-romance
GREAT! movies;Movies;EN;GREAT! movies is the first film choice for star-driven contemporary hits, cult classics and feature film favourites.;https://watch.plex.tv/live-tv/channel/great-movies
Hello Inspo;Food & Home;EN;Make home your happy place with budget friendly decor ideas, DIYs, and tips from top creators on Hello Inspo.;https://watch.plex.tv/live-tv/channel/hello-inspo
The Preview Channel;Movies;EN;The Preview Channel has the latest trending motion pictures, television and streaming previews and behind-the-scenes entertainment.;https://watch.plex.tv/live-tv/channel/the-preview-channel
Crime & Justice;True Crime;EN;Crime & Justice puts you at the heart of the action as gripping and suspenseful real-life investigations unfold.;https://watch.plex.tv/live-tv/channel/crime-and-justice-2
OUTflix Proud;Lifestyle;EN;"The world’s very first LGBTQ+ network, “OUTtv” brings a new adventure in Queer TV, ""OUTflix Proud"".";https://watch.plex.tv/live-tv/channel/outflix-proud
Tastemade;Food & Home;EN;Welcome to Tastemade: the ultimate house party and everyone’s invited! Featuring award-winning food and lifestyle programming designed to get you off the couch.;https://watch.plex.tv/live-tv/channel/tastemade-6
The Wicked Tuna Channel;Reality;EN;Fishermen from Gloucester, Massachusetts and The Outer Banks, North Carolina set out in pursuit of bluefin tuna.;https://watch.plex.tv/live-tv/channel/the-wicked-tuna-channel-2
Highway Thru Hell;Hit TV, Reality;EN;Get ready for the pulse-pounding action of Highway Thru Hell, where fearless rescue teams defy nature's wrath.;https://watch.plex.tv/live-tv/channel/highway-thru-hell
Monster Jam;Sports;EN;Monster Jam is the world's largest and most famous monster truck tour featuring the biggest names in monster trucks including Grave Digger®, Max-D®, Monster Mutt®, El Toro Loco®, Captain's Curse® and Blue Thunder®.;https://watch.plex.tv/live-tv/channel/monster-jam
Teletubbies;Kids & Family;EN;Experience the Teletubbies like never before! Join Tinky-Winky, Dipsy, Laa-Laa, and Po as they laugh, dance, and explore the magical world of Teletubbyland.;https://watch.plex.tv/live-tv/channel/teletubbies
Go Wild;Nature & Travel;EN;Feed your curiosity and Go Wild with the best collection of wildlife and nature films.;https://watch.plex.tv/live-tv/channel/go-wild
PBS KIDS;Kids & Family;EN;Families will find learning adventures for kids of all ages on PBS KIDS, available 24/7. From classics like Arthur to new favorites like Molly of Denali, these stories teach lessons that will last a lifetime.;https://watch.plex.tv/live-tv/channel/pbs-kids-2
MLB;Sports;EN;MLB is home to all-time classic games & MLB documentaries, plus your favorite baseball shows like This Week In Baseball and more.;https://watch.plex.tv/live-tv/channel/mlb
Movieitaly Channel;International;EN;The best of italian cinema, from the great classics to the contemporary authors: comedies, drama, adventure and crime movies.;https://watch.plex.tv/live-tv/channel/movieitaly-channel
Cricket Gold;Sports;EN;Australia's National Cricket Team Channel;https://watch.plex.tv/live-tv/channel/cricket-gold
Survivorman on Plex;Reality;EN;No food, no shelter, no fresh water - one man alone in the wild for seven days with only his wits and stamina to sustain him.;https://watch.plex.tv/live-tv/channel/survivorman-on-plex
The Design Network;Food & Home;EN;The fastest growing TV network all about HOME. TDN TV gives a fresh perspective on the fashion and function of home: interior landscape and design, organization, entertaining, and living a better life at home.;https://watch.plex.tv/live-tv/channel/the-design-network
Ghost Hunters Channel;History & Science;EN;Follow the Ghost Hunters team as they cross the country searching for answers in the nation's most haunted locations.;https://watch.plex.tv/live-tv/channel/ghost-hunters-channel
CBC News International;News;EN;Go beyond the headlines to explore and experience the news with our journalists in Canada and the world.;https://watch.plex.tv/live-tv/channel/cbc-news-international
Mythbusters;Hit TV;EN;Mythbusters Jamie and Adam apply cutting-edge science to legends and myths to prove what is real & what is truly an urban legend.;https://watch.plex.tv/live-tv/channel/mythbusters-3
Made It Myself TV;Food & Home;EN;A free, lifestyle channel celebrating DIY, crafting, sewing, knitting, crochet, jewelry-making, woodworking, and MORE. Explore fresh craft-making perspectives, learn new skills, or just relax and enjoy.;https://watch.plex.tv/live-tv/channel/made-it-myself-tv
C4 en Alerta;En Español;ES;Los videos policiacos más exclusivos los encuentras aquí con Carlos Jiménez. Ningún delincuentes se escapa.;https://watch.plex.tv/live-tv/channel/c4-en-alerta
Reuters TV;News;EN;Your world, your news. Catch up on what’s happening in the world 24/7 with Reuters News.;https://watch.plex.tv/live-tv/channel/reuters-tv
True Crime Now;True Crime;EN;True Crime Now features more than 1,000 true crime series and documentary films, with new content joining the channel each week.;https://watch.plex.tv/live-tv/channel/true-crime-now-2
Space Science Now;History & Science;EN;Journey to the deepest reaches of space and fly with astronauts into hostile extraterrestrial realms.;https://watch.plex.tv/live-tv/channel/space-science-now
Hardcore Pawn;Hit TV;EN;Step inside Les Gold's wild pawnshop filled with 45,000 stories—from alligators to prosthetic limbs, they navigate the unexpected!;https://watch.plex.tv/live-tv/channel/hardcore-pawn
MagellanTV NOW;Nature & Travel;EN;MagellanTV Now, documentaries worth watching.;https://watch.plex.tv/live-tv/channel/magellantv-now-3
The World Poker Tour;Sports;EN;The WPT ignited the global poker boom with a unique television show based on a series of high-stakes tournaments.;https://watch.plex.tv/live-tv/channel/the-world-poker-tour
The World Poker Tour;En Español;ES;El WPT encendió el auge mundial del póquer con un programa de televisión único basado en una serie de torneos de altas apuestas.;https://watch.plex.tv/live-tv/channel/the-world-poker-tour-3
It’s Showtime at the Apollo;Comedy;EN;Steve Harvey hosts legendary comedy & music talent at Harlem's Apollo Theater, with a boisterous and brutally honest audience!;https://watch.plex.tv/live-tv/channel/its-showtime-at-the-apollo
Eddie's Wonderland;Kids & Family;EN;Eddie loves to celebrate the holidays and his channel is full of holiday movies and shows that everyone can enjoy!;https://watch.plex.tv/live-tv/channel/eddies-wonderland-non-us
PBS History;History & Science;EN;From the Mayans to the battles of WWII, PBS History has documentaries for history buffs!;https://watch.plex.tv/live-tv/channel/pbs-history
BikeMag;Sports;EN;BikeMag explores cycling's personalities, trends, and films, inspiring audiences to push limits & discover the world on two wheels.;https://watch.plex.tv/live-tv/channel/bikemag
Powder;Sports;EN;Powder, the most trusted name in skiing, features original series, documentary films, in-depth features, live events and more.;https://watch.plex.tv/live-tv/channel/powder
Transworld Skateboarding;Sports;EN;Transworld Skateboarding: Global skateboarding leader, renowned for diverse stories, unique personalities & groundbreaking talent.;https://watch.plex.tv/live-tv/channel/transworld-skateboarding
Snowboarder;Sports;EN;The authority in snowboard culture delivering premium content and captivating stories that inspire audiences worldwide.;https://watch.plex.tv/live-tv/channel/snowboarder
Surfer;Sports;EN;Surfer, the ‘Bible of Surfing’, delivers unrivaled content and captivating stories that inspire, celebrate the world of Surfing.;https://watch.plex.tv/live-tv/channel/surfer
Kidz Bop TV;Kids & Family;EN;KIDZ BOP is the #1 music brand for kids, and KIDZ BOP TV is THE place to watch KIDZ BOP videos!;https://watch.plex.tv/live-tv/channel/kidz-bop-tv
Icon Film Channel Classic;Movies;EN;Relive beloved classics or discover your next favourite film on the Icon Film Channel.;https://watch.plex.tv/live-tv/channel/icon-film-channel-classic
GoUSA TV;Nature & Travel;EN;The premier streaming channel for content from the entire United States. Go-to spot for all travel related content from the USA.;https://watch.plex.tv/live-tv/channel/gousa-tv
The Talk Show Channel;Reality;EN;Unforgettable showbiz interviews.;https://watch.plex.tv/live-tv/channel/the-talk-show-channel
Stingray Holidayscapes;Nature & Travel;EN;Elevate your home and make every celebration memorable with perfectly themed holiday backdrops set to uplifting music.;https://watch.plex.tv/live-tv/channel/stingray-holidayscapes
MAVTV Motorsports Network;Sports;EN;MAVTV Motorsports Network offers the most comprehensive racing action, including sprint cars, late model dirt and off-road trucks.;https://watch.plex.tv/live-tv/channel/mavtv-motorsports-network
FailArmy;Comedy;EN;Failure is the only option. Binge the most epic fails from the worldwide leader in fails.;https://watch.plex.tv/live-tv/channel/failarmy-2
Adventure Earth;Nature & Travel;EN;Dedicated to wildlife, nature and the unique beauty of our planet.;https://watch.plex.tv/live-tv/channel/adventure-earth-3
La Bocina Latina;Music, En Español;ES;The future of Latin Music, delivering the best of what the genre has to offer and what is trending in Latin culture.;https://watch.plex.tv/live-tv/channel/la-bocina-latina
Camp Spoopy;Kids & Family;EN;Pumpkins, goblins and candy...and a puppy in a ghost costume?! Stay right here on Camp Spoopy for all your Halloween craze!;https://watch.plex.tv/live-tv/channel/camp-spoopy
Court Sports Network;Sports;EN;COURT SPORTS NETWORK – showcasing Pickleball, Padel, Tennis, Platform Tennis, Table Tennis, Badminton, Squash, Beach Tennis.;https://watch.plex.tv/live-tv/channel/court-sports-network
PickleTV;Sports;EN;The next great sports channel is here and it’s all about the fastest growing sport in America: Pickleball.;https://watch.plex.tv/live-tv/channel/pickletv
Ultimate Classic Wrestling;Sports;EN;The memories and mayhem of classic wrestling from one of the largest libraries of wrestling videos in the world.;https://watch.plex.tv/live-tv/channel/ultimate-classic-wrestling
Love Quest;Reality;EN;For a pure dose of romance and drama watch Love Quest - the channel for reality dating show enthusiasts;https://watch.plex.tv/live-tv/channel/love-quest
The Biggest Loser;Reality;EN;The Biggest Loser welcome 14 overweight contestants who will have to endure intense workouts for big rewards.;https://watch.plex.tv/live-tv/channel/the-biggest-loser
WipeoutXtra;Daytime TV;EN;The home of physical and exciting gameshows, where you can witness unexpected challenges.;https://watch.plex.tv/live-tv/channel/wipeoutxtra
McLeods Daughters;Drama TV;EN;When Jack McLeod passes away, his two daughters inherit Drovers Run, a vast cattle ranch in the Australian outback.;https://watch.plex.tv/live-tv/channel/mcleods-daughters
Fear Factor;Reality;EN;In Fear Factor, contestants overcome their fears in a series of challenges and the winner receives USD 50,000.;https://watch.plex.tv/live-tv/channel/fear-factor
Mythical 24/7;Comedy;EN;Mythical 24/7 has the best of Rhett & Link and Mythical, including Good Mythical Morning, Mythical Kitchen, and more!;https://watch.plex.tv/live-tv/channel/mythical-24-7
History & Warfare Now;History & Science;EN;Explore the tragedies and triumphs of history’s great battles, along with the technologies and personalities of the military.;https://watch.plex.tv/live-tv/channel/history-and-warfare-now-2
Women Behind Bars;True Crime;EN;Peek into the minds and motives of female convicts on this channel exclusively devoted to the documentary series Women Behind Bars.;https://watch.plex.tv/live-tv/channel/women-behind-bars
Glewed TV;Lifestyle;EN;Glewed TV offers engaging content genres including- food, children, sports, DIY, educational, documentaries and movies.;https://watch.plex.tv/live-tv/channel/glewed-tv
FreeTV Drama Vault;Movies;EN;From fan-favorite period pieces, thrilling police drama, and captivating love stories to fun and refreshing romantic comedies.;https://watch.plex.tv/live-tv/channel/freetv-drama-vault
FreeTV Fantasy;International;EN;From science fiction to the paranormal, FreeTV Fantasy seeks to expand your mind and question your reality. ;https://watch.plex.tv/live-tv/channel/freetv-fantasy
FreeTV Horror;Chills & Thrills;EN;A channel dedicated to the most suspenseful and nail-biting horror, sci-fi, and thrillers from around the world.;https://watch.plex.tv/live-tv/channel/freetv-horror-2
FreeTV Family;Kids & Family;EN;FreeTV Family promotes a family-oriented atmosphere with heartwarming content that is engaging, fun, and appropriate for all ages.;https://watch.plex.tv/live-tv/channel/freetv-family
FreeTV Crime;True Crime;EN;From movies to scripted series, FreeTV Crime features exhilarating crime fiction, police dramas, murder mysteries.;https://watch.plex.tv/live-tv/channel/freetv-crime
Cheaters;Reality;EN;Get obsessed with classic reality series Cheaters 24/7. People who think their significant other is cheating on them hire a hidden camera crew to investigate their suspicions.;https://watch.plex.tv/live-tv/channel/cheaters
The Pet Collective;Nature & Travel;EN;Trending clips, entertaining memes, and the funniest animal videos today. Simply put, we think animals are the best ever.;https://watch.plex.tv/live-tv/channel/the-pet-collective-2
Billiard TV;Sports;EN;Watch your favorite professional players from all over the world compete on the biggest billiards stage!;https://watch.plex.tv/live-tv/channel/billiard-tv
Lone Star;Classic TV;EN;The Lone Star Channel’s films are restored in HD, offering the best singing cowboys, six-gun shooters, and everything in-between.;https://watch.plex.tv/live-tv/channel/lone-star
Made In Hollywood;Daytime TV;EN;Go behind-the-screen and catch celebrity interviews with Hollywood’s hottest stars as they preview their new movies!;https://watch.plex.tv/live-tv/channel/made-in-hollywood-2
Novelisima;En Español;ES;Novelisma, grandes historias que quieres revivir, descubrir y compartir. Actuaciones estelares y producciones que te emocionarán.;https://watch.plex.tv/live-tv/channel/novelisima
Travel Escapes;Nature & Travel;EN;Join us on a breathtaking journey, from spectacular travel locations to some of the world’s most unique culinary destinations.;https://watch.plex.tv/live-tv/channel/travel-escapes
Love Stories TV;Lifestyle;EN;For the hopelessly romantic, Love Stories TV brings you real weddings and relationships from across the world. Grab your tissues and prepare for happy tears!;https://watch.plex.tv/live-tv/channel/love-stories-tv
Popflix;Movies;EN;Sit back, grab some popcorn and enjoy 24 hours of non-stop FREE movies including comedy, action, sci-fi, thriller, horror, documentary and family films!;https://watch.plex.tv/live-tv/channel/popflix
Iron Chef;Food & Home;EN;Chefs from all over the world come to Kitchen Stadium to do culinary battle with one of Chairman Kaga’s “Iron Chefs.” Tune in to see how each Iron Chef and challenger makes use of each episode’s featured ingredient to win the cook-off.;https://watch.plex.tv/live-tv/channel/iron-chef
Beyond Paranormal;History & Science;EN;Extreme ghost stories, UFO sightings & conspiracy theories, the best docu-series, docs & vodcasts from the supernatural universe.;https://watch.plex.tv/live-tv/channel/beyond-paranormal
PokerGO;Sports;EN;PokerGO is the world's largest poker content company. Exclusive content includes the World Series of Poker and High Stakes Poker.;https://watch.plex.tv/live-tv/channel/pokergo
WeatherSpy;Nature & Travel;EN;Explore our unpredictable planet through the exhilaration and impact of natural forces. Featuring unbelievable weather, wild-life, and outdoor recreation.;https://watch.plex.tv/live-tv/channel/weatherspy-2
Yu-Gi-Oh!;Kids & Family, Anime & Gaming;EN;Yu-Gi-Oh! An actioned packed channel dedicated to one of the greatest Anime-franchises of all times.;https://watch.plex.tv/live-tv/channel/yu-gi-oh-3
Washington Post Television;News;EN;Your source for coverage of the world’s biggest stories and in-depth interviews with today’s biggest newsmakers.;https://watch.plex.tv/live-tv/channel/washington-post-television
Nolly Africa HD;Black Entertainment;EN;Nolly Africa HD is a 24-hour premium Nollywood channel, showing Nollywood movies, series, talk shows and all things Nollywood.;https://watch.plex.tv/live-tv/channel/nolly-africa-hd
Bloomberg TV;News;EN;Bloomberg Television offers global business and markets news, data, analysis, and stories from Bloomberg News and Business week.;https://watch.plex.tv/live-tv/channel/bloomberg-tv-2
Newsmax TV;News;EN;Newsmax TV is a leading news network with reporting from DC and New York focusing on politics, health, money, and documentaries.;https://watch.plex.tv/live-tv/channel/newsmax-tv
FashionTV;Lifestyle;EN;Global Fashion & Lifestyle News! Major fashion weeks & campaigns, celebs' events, and hottest trends by top models & designers.;https://watch.plex.tv/live-tv/channel/fashiontv
WITZ-Comedy TV;Comedy;EN;"WITZ-Comedy TV features original network series and shows produced from WITZ's NYC studios, curated stand-up specials from the world's top comics, and other unique programming. ""We're All Laughing Here!""";https://watch.plex.tv/live-tv/channel/witz-comedy-tv
Ideas En 5 Minutos;En Español;ES;La marca digital de manualidades más vista, con truyos que ofrecen una variedad de soluciones divertidas a problemas cotidianos.;https://watch.plex.tv/live-tv/channel/ideas-en-5-minutos
ACL Cornhole TV;Sports;EN;ACL Cornhole TV is the ultimate destination for fans of Cornhole.;https://watch.plex.tv/live-tv/channel/acl-cornhole-tv-2
The Ed Sullivan Show;Classic TV;EN;For 23 years, Americans spent Sunday nights with Ed Sullivan. Now you can flashback to the best acts from the really big show.;https://watch.plex.tv/live-tv/channel/the-ed-sullivan-show
FUEL TV;Sports;EN;The global home of action sports and youth culture. Skate | Surf | BMX | Snow | MTB | Wakeboard;https://watch.plex.tv/live-tv/channel/fuel-tv-3
Robot Wars by Mech+;History & Science;EN;Innovation. Community. Entertainment.The new home of science, robotics and engineering.;https://watch.plex.tv/live-tv/channel/robot-wars-by-mech
Just For Laughs Gags;Comedy;EN;Just for laughs Gags is where unsuspecting people get roped into hilarious situations, concocted by a team of professional pranksters.;https://watch.plex.tv/live-tv/channel/just-for-laughs-gags
Comedy Dynamics;Comedy;EN;The largest collection of stand-up comedy! It’s a no drink minimum show 24/7, with the top names of comedy in new & classic performances.;https://watch.plex.tv/live-tv/channel/comedy-dynamics
Pac-12 Insider;Sports;EN;Pac-12 Insider brings you FREE live events, original shows and classic games from the Conference of Champions!;https://watch.plex.tv/live-tv/channel/pac-12-insider
MyTime Movie Network;Movies;EN;MyTime is a free streaming channel dedicated to celebrating and entertaining women by offering female-led content.;https://watch.plex.tv/live-tv/channel/mytime-movie-network-5
JAIL;True Crime;EN;JAIL gives viewers a front row seat as recently arrested suspects face entry into the criminal justice system.;https://watch.plex.tv/live-tv/channel/jail
Strongman Champions;Sports;EN;The Strongman Champions League is the premiere and largest international Strongman competition.;https://watch.plex.tv/live-tv/channel/strongman-champions
Ryan and Friends;Kids & Family;EN;Kid video superstar Ryan, of Ryan's World and Ryan’s Mystery Playdate, and the kid stars he loves - are all on Ryan and Friends!;https://watch.plex.tv/live-tv/channel/ryan-and-friends
pocket.watch;Kids & Family;EN;Your favorite kid video stars - Ryan's World, KidCity, Onyx Family, HobbyKidsTV, EvanTubeHD, and more - are all on pocket.watch!;https://watch.plex.tv/live-tv/channel/pocket-watch
wedo movies;Movies;EN;We love movies. All movies. Especially free movies. From explosive action to gripping thrillers, emotional dramas to hilarious comedies and everything in-between. wedo movies, all day, every day, for free.;https://watch.plex.tv/live-tv/channel/wedo-movies-2
Vevo Pop;Music;EN;The latest hit music videos from the biggest artists!;https://watch.plex.tv/live-tv/channel/vevo-pop-4
Vevo '90s & '00s (UK);Music;EN;From the superstars to one-hit wonders, all of the videos you loved from both decades!;https://watch.plex.tv/live-tv/channel/vevo-90s-and-00s-uk
PFL MMA;Sports;EN;Catch up on the greatest fights, highlights, and commentary from the PFL, MMA's league.;https://watch.plex.tv/live-tv/channel/pfl-mma
Wired2Fish;Sports;EN;Your best source for fishing tips, fishing news, fishing lure reviews, fishing videos for bass, crappie, bluegill, walleye and more.;https://watch.plex.tv/live-tv/channel/wired2fish
Brat TV;Kids & Family;EN;Welcome to Brat TV! Tune in to original shows from all your favorite creators such as Chicken Girls, Mani, and Attaway General!;https://watch.plex.tv/live-tv/channel/brat-tv
Trailblazer;Reality;EN;High-octane content to for die-hard motorsports fans to outdoor adrenaline junkies guaranteed to bring out your inner bloke;https://watch.plex.tv/live-tv/channel/trailblazer
Motorsport.tv;Sports;EN;Motorsport.tv is your ultimate destination for live racing, documentaries, historical archives and more.;https://watch.plex.tv/live-tv/channel/motorsport-tv
Alien Nation by DUST;Sci-Fi & Action;EN;The home of the unexplained. UFO docs, investigative series, and the best of sci-fi.;https://watch.plex.tv/live-tv/channel/alien-nation-by-dust
123GO!;Kids & Family;EN;With easy fashion hacks, lighthearted pranks, and funny observations 123 GO! delivers entertaining shows about everything trending.;https://watch.plex.tv/live-tv/channel/123go
GLORY Kickboxing;Sports;EN;GLORY Kickboxing is non-stop explosive action from start to finish. The fights are all stand-up, all-striking, all the time.;https://watch.plex.tv/live-tv/channel/glory-kickboxing
MotorTrend FAST TV;Sports;EN;MotorTrend FAST TV is your home for non-stop car shows including: Roadkill, Bitchin’ Rides and more!  Come on and enjoy the ride.;https://watch.plex.tv/live-tv/channel/motortrend-fast-tv
CombaTV;En Español;ES;Programación dedicada a los deportes de contacto, incluidos la lucha libre, el boxeo, el muay thai, el kickboxing y más.;https://watch.plex.tv/live-tv/channel/combatv
AKC.tv;Nature & Travel;EN;AKC.tv features live dog events, training & health tips for you and your pup, and original series from the American Kennel Club.;https://watch.plex.tv/live-tv/channel/akc-tv
Baywatch;Classic TV;EN;Join the Baywatch lifeguards on their thrilling adventures filled with beautiful beaches and those iconic red swimsuits.;https://watch.plex.tv/live-tv/channel/baywatch
Funny Or Die, Inc.;Comedy;EN;We love to make you laugh.;https://watch.plex.tv/live-tv/channel/funny-or-die-inc
5-Minute Crafts;Food & Home;EN;5-Minute Crafts is the most-watched DIY digital brand in the world, known for its positive, entertaining, and quirky DIY crafts.;https://watch.plex.tv/live-tv/channel/5-minute-crafts
Smurf TV;Kids & Family;EN;Welcome to SMURF TV, the only channel dedicated to the Smurfs, with your favorite episodes from the iconic blue friends 24/7!;https://watch.plex.tv/live-tv/channel/smurf-tv
Pitufo TV;En Español;ES;¡Bienvenido a SMURF TV, el único canal dedicado a los Pitufos, con tus episodios favoritos 24/7!;https://watch.plex.tv/live-tv/channel/pitufo-tv
PursuitUP;Sports;EN;PursuitUP mission is to provide the best action designed to entertain and help you the viewer be more successful in the field.;https://watch.plex.tv/live-tv/channel/pursuitup
Cooking Panda;Food & Home;EN;Mouthwatering recipes, original series with celebrity chefs, food & travel shows, and step-by-step cooking tutorials.;https://watch.plex.tv/live-tv/channel/cooking-panda
Real Crime;True Crime;EN;With rare views into the underworld of crime, we follow the detectives investigating ominous mysteries & cruel murders.;https://watch.plex.tv/live-tv/channel/real-crime-3
Desi Play TV;International;EN;Hindi entertainment channel with award-winning best shows from COLORS TV including drama, food, mythology, comedy and, lifestyle.;https://watch.plex.tv/live-tv/channel/desi-play-tv
CraftsyTV;Food & Home;EN;CraftsyTV is your always-on portal for tapping into your talents by learning new skills and enhancing those you have.;https://watch.plex.tv/live-tv/channel/craftsytv
Degrassi;Daytime TV;EN;Class is in session! The teens of Degrassi learn to deal with challenges as they travel down the complicated road to adulthood.;https://watch.plex.tv/live-tv/channel/degrassi
Farscape;Sci-Fi & Action;EN;Thrown into a distant part of the universe, an Earth astronaut finds himself part of a fugitive alien starship crew.;https://watch.plex.tv/live-tv/channel/farscape
Real Wild;Nature & Travel;EN;Join us on Real Wild exploring the wonder of all things wild, exotic & cute animals, breath-taking landscapes & remote wilderness.;https://watch.plex.tv/live-tv/channel/real-wild
SLOPES;Sports;EN;Get ready to hit the SLOPES! SKI The world's first magazine style, snow, ski and snowboard channel.;https://watch.plex.tv/live-tv/channel/slopes
ARTFLIX - Movie Classics;Movies;EN;Artflix offers a library of colorized classic movies, film noir & arthouse titles of all genres. A great collection!;https://watch.plex.tv/live-tv/channel/artflix-movie-classics
Grjngo - Western Movies;Classic TV;EN;Grjngo is the world's largest streaming source for western movies. Available in HD!;https://watch.plex.tv/live-tv/channel/grjngo-western-movies
Moconomy - Economy & Finance Infotainment;News;EN;Moconomy streams documentaries and other videos on economy & finance topics;https://watch.plex.tv/live-tv/channel/moconomy-economy-and-finance-infotainment
Bigtime - Free Movies;Movies;EN;Bjgtjme offers a library of more than 400 movie titles of all genres for free.;https://watch.plex.tv/live-tv/channel/bigtime-free-movies
SPEEDVISION;Sports;EN;The definitive automotive entertainment and lifestyle brand.;https://watch.plex.tv/live-tv/channel/speedvision
Unbeaten;Sports;EN;Unbeaten - we celebrate champions.  The sports channel featuring the biggest events and greatest athletes of all time.;https://watch.plex.tv/live-tv/channel/unbeaten
TRACE Brazuca;Music;EN;TRACE Brazuca is the #1 Music channel dedicated to the best urban music videos and content from Brazil.;https://watch.plex.tv/live-tv/channel/trace-brazuca
TRACE Urban;Music, En Español;EN;TRACE Urban is the first music channel exclusively dedicated to urban music and culture.;https://watch.plex.tv/live-tv/channel/trace-urban
TRACE Latina;Music, En Español;ES;TRACE Latina is the ultimate premium channel entirely dedicated to Latin music and culture 24/7.;https://watch.plex.tv/live-tv/channel/trace-latina
Women's Sports Network;Sports;EN;We connect fans of women’s sports to the athletes and games they can’t miss. All in one place, for the first time ever. Game on!;https://watch.plex.tv/live-tv/channel/womens-sports-network
Times Now Navbharat;International;EN;Times Network with a presence in 100+ countries, presents TN Navbharat a dynamic Hindi news channel that puts the nation first;https://watch.plex.tv/live-tv/channel/times-now-navbharat-2
People are Awesome;Nature & Travel;EN;People Are Awesome is a one-of-a-kind channel that spotlights the awesome power of ordinary people doing extraordinary things.;https://watch.plex.tv/live-tv/channel/people-are-awesome-2
Anger Management;Comedy;EN;Charlie is a successful therapist who thrives on the chaos in his life while still battling his own anger issues.;https://watch.plex.tv/live-tv/channel/anger-management
Stingray CMusic;Music;EN;Enjoy classical music like you’ve never seen before, with stunning cinematic footage presented in a music video format.;https://watch.plex.tv/live-tv/channel/stingray-cmusic
Stingray Naturescape;Nature & Travel;EN;Travel to the scenic wonders of the world with stunning imagery, from crackling fireplaces to flights over tropical paradises.;https://watch.plex.tv/live-tv/channel/stingray-naturescape-2
Éxitos del Momento;Music, En Español;ES;Turn up the heat with today’s great rhythms and beats guaranteed to bring out the Latin flare in everyone.;https://watch.plex.tv/live-tv/channel/exitos-del-momento
Today's K-Pop;Music;EN;Tune in to the captivating mega hits by today’s K-pop superstars. Fans in Korea and around the world just can’t get enough!;https://watch.plex.tv/live-tv/channel/todays-k-pop
Y2K;Music;EN;Go back to the greatest memories of the millennial generation with iconic artists from the 2000s.;https://watch.plex.tv/live-tv/channel/y2k
Euro Hits;Music;EN;Enjoy Europe's most popular and current music, including hits by local and international artists.;https://watch.plex.tv/live-tv/channel/euro-hits
Easy Listening;Music;EN;Settle in for pure relaxation with easy-listening hits by chart-topping artists you love.;https://watch.plex.tv/live-tv/channel/easy-listening
Smooth Jazz;Music;EN;Explore the hottest contemporary jazz artists in a smooth-flowing soundscape, featuring guitars, saxophones, pianos, and trumpets.;https://watch.plex.tv/live-tv/channel/smooth-jazz
Pop Adult;Music;EN;This mix of contemporary pop and rock from today’s hottest artists also features classic hits that are always fun to revisit.;https://watch.plex.tv/live-tv/channel/pop-adult
Hip-Hop/R&B;Music;EN;Experience the freshest beats by the hottest artists on today's scene. They may have bite, but they’re still accessible!;https://watch.plex.tv/live-tv/channel/hip-hop-randb
Alternative;Music;EN;Enjoy all of the alternative hits you know and love, plus a few hidden gems from the ‘80s to today.;https://watch.plex.tv/live-tv/channel/alternative
The Spa;Music;EN;Calm your soul, soothe your body, and inspire your mind with purely instrumental electro-acoustic music.;https://watch.plex.tv/live-tv/channel/the-spa
Nothin' But 90s;Music;EN;Rediscover ‘90s grunge, pop, hip-hop and country from an unforgettable era filled with hits.;https://watch.plex.tv/live-tv/channel/nothin-but-90s
Flashback 70s;Music;EN;Flashback to one of the most explosive decades in music history when Woodstock and the last days of disco reigned supreme.;https://watch.plex.tv/live-tv/channel/flashback-70s
Qello Concerts;Music;EN;Experience legendary full-length concert films and riveting documentaries featuring all of the artists you love.;https://watch.plex.tv/live-tv/channel/qello-concerts-2
Stingray Classica Stream;Music;EN;Discover breathtaking classical music concerts, operas, and ballets from some of the grandest venues around the world.;https://watch.plex.tv/live-tv/channel/stingray-classica-stream
Stingray Karaoke;Music;EN;Tis the season for Karaoke fun! Sing along to your favorite Holiday songs, from kids’ songs to crooners to classics! It's the perfect way to entertain.;https://watch.plex.tv/live-tv/channel/stingray-karaoke-4
This Old House;Food & Home;EN;This Old House is America’s No. 1 home enthusiast brand, offering trusted, expert advice via Emmy award-winning television.;https://watch.plex.tv/live-tv/channel/this-old-house
Documentary+;Movies;EN;Home of world's best documentaries-from Academy Award winning classics and box office hits to festival darlings and cult favorites.;https://watch.plex.tv/live-tv/channel/documentary
Shemaroo Bollywood;International;EN;Shemaroo Bollywood is a South Asian movie channel featuring the best of Classic, Contemporary and new Bollywood movies.;https://watch.plex.tv/live-tv/channel/shemaroo-bollywood
Bloomberg Originals;News;EN;The future of business storytelling. Elevated, thought provoking, docu-style programming - anchored in expert talent and critical topics.;https://watch.plex.tv/live-tv/channel/bloomberg-originals
TED;History & Science;EN;TED delivers a jolt of creativity and inspiration. Watch the world's greatest thinkers and doers share ideas worth spreading.;https://watch.plex.tv/live-tv/channel/ted
Sonic TV;Kids & Family;EN;The Adventures of Sonic the Hedgehog 24/7;https://watch.plex.tv/live-tv/channel/sonic-tv
Unexplained;History & Science;EN;There is a conspiracy to rule the world, but the truth is far stranger than fiction. Reality isn't what it seems.;https://watch.plex.tv/live-tv/channel/unexplained
Gravitas Documentaries;Movies;EN;Documentaries from the world's most prestigious film festivals: sports, true crime, LGBTQ+, History, Military, and Social Issues.;https://watch.plex.tv/live-tv/channel/gravitas-documentaries
Gravitas Adrenaline;Sci-Fi & Action;EN;A combination of exciting genres sure to get your blood pumping - action, thriller, and horror.;https://watch.plex.tv/live-tv/channel/gravitas-adrenaline
Ninja Kidz TV;Kids & Family;EN;Awesome family-friendly channel for all ages featuring action parodies, amazing adventures and lessons to master your skills!;https://watch.plex.tv/live-tv/channel/ninja-kidz-tv
Infamous TV;True Crime;EN;Infamous TV is a one-stop destination for intriguing stories that are…Underworld, Under Suspicion, Offworld. The channel features programming blocks from MOB TV, Conspiracy TV and Thriller TV that present the best content from our combined library.;https://watch.plex.tv/live-tv/channel/mob-tv
COPS;Hit TV;EN;On the front lines with the men and women of American law enforcement- the action is visceral, unpredictable, as real as it gets;https://watch.plex.tv/live-tv/channel/cops
Euronews Français;News;FR;Euronews est la 1ere chaine d’information internationale en Europe. Euronews est reconnue pour sa crédibilité et son indépendance.;https://watch.plex.tv/live-tv/channel/euronews-francais
Euronews Italiano;News;IT;Euronews è il canale di notizie internazionale numero 1 in Europa.;https://watch.plex.tv/live-tv/channel/euronews-italiano
Euronews Deutsch;News;DE;Euronews ist der internationale Nachrichtensender Nummer 1 in Europa. Euronews steht für Glaubwürdigkeit und Unabhängigkeit.;https://watch.plex.tv/live-tv/channel/euronews-deutsch
Euronews Portuguese;News;PT;"A Euronews é o único canal de notícias internacional com uma perspetiva europeia a Euronews é ""All Views"".";https://watch.plex.tv/live-tv/channel/euronews-portuguese
SportsGrid;Sports;EN;SportsGrid is the first network streaming extensive fantasy sports and wagering coverage of all the major sports and events.;https://watch.plex.tv/live-tv/channel/sportsgrid
GUSTOTV;Food & Home;EN;The World's Best Food Channel;https://watch.plex.tv/live-tv/channel/gusto-tv
CampusLore Sports;Sports;EN;CampusLore is the pro athletes' take on the college game, featuring original content and the NCAA's most exciting games.;https://watch.plex.tv/live-tv/channel/campuslore-sports
XFC TV;Sports;EN;XFC TV assembles the most exciting and well rounded MMA fighters from around the globe.;https://watch.plex.tv/live-tv/channel/xfc-tv
Watch it Kid;Kids & Family;EN;Classic pop culture cartoons and anime for kids big and small.;https://watch.plex.tv/live-tv/channel/watch-it-kid-2
Watch it SCREAM;Chills & Thrills;EN;The most terrifying visions in horror, curated from festivals around the world, sit back relax and Watch it Scream!;https://watch.plex.tv/live-tv/channel/watch-it-scream-2
Galxy TV;Sci-Fi & Action;EN;An Interstellar oasis of Film and TV from creators with a vision that is beyond the ordinary.;https://watch.plex.tv/live-tv/channel/galxy-tv-2
FrightFlix;Chills & Thrills;EN;Cult Horror, Sci-Fi and Grindhouse features that deliver shivers!;https://watch.plex.tv/live-tv/channel/frightflix-2
El Conflicto TV;En Español;ES;Court TV 24/7. Former Marine Corps Officer and East LA Cop, Judge Mario Acosta runs a tough, no nonsense courtroom.;https://watch.plex.tv/live-tv/channel/el-conflicto-tv-2
Dungeon TV;Anime & Gaming;EN;Follow the life and stories of 6 Dungeons and Dragons role-players in the early tide of an interactive war.;https://watch.plex.tv/live-tv/channel/dungeon-tv-2
CINEPRIDE;Lifestyle;EN;Award winning LGBTQ cinema, from critically acclaimed dramas to underground cult hits.;https://watch.plex.tv/live-tv/channel/cinepride-2
Poker Night TV;Sports;EN;Bringing Fun & Personality Back To High Stakes Poker.;https://watch.plex.tv/live-tv/channel/poker-night-tv
BelAir TV;Lifestyle;EN;BelAir TV is a channel entirely dedicated to the visual arts.;https://watch.plex.tv/live-tv/channel/belair-tv
Wellbeing TV;Lifestyle;EN;Wellbeing TV offers coaching, inspiring magazines and entertainment to live a better and healthier life.;https://watch.plex.tv/live-tv/channel/wellbeing-tv
i24NEWS Updates;News;EN;i24NEWS Updates brings the days biggest stories from Israel and the Middle East with studios in Tel Aviv and Paris.;https://watch.plex.tv/live-tv/channel/i24news-updates
Trailers From Hell;Chills & Thrills;EN;TFH is the premier showcase and community of classic film trailers, curated and shared by some of worlds top filmmakers.;https://watch.plex.tv/live-tv/channel/trailers-from-hell
Vivaldi;Music;EN;Get immersed in our carefully curated playlists and just enjoy Beethoven’s symphonies, Mozart’s piano concertos, and many more.;https://watch.plex.tv/live-tv/channel/vivaldi
Waypoint TV;Sports;EN;The best outdoor shows, films, and digital series.;https://watch.plex.tv/live-tv/channel/waypoint-tv
Music Legends;Music;EN;Music Legends is the #1 streaming channel for music documentaries and concerts. Featuring all of your favorite artists from yesterday to today, Music Legends has them all!;https://watch.plex.tv/live-tv/channel/music-legends
Racing America;Sports;EN;Racing America is your new home for live grassroots racing and NASCAR Cup Team content. Climb on board for epic races and more!;https://watch.plex.tv/live-tv/channel/racing-america
My Binge Channel;Sci-Fi & Action;EN;My Binge Channel, satisfy your TV craving!;https://watch.plex.tv/live-tv/channel/my-binge-channel
COMMUNE;Lifestyle;EN;Yoga, meditation, spirituality, eating locally, composting, cooking mindfully, and other ways to better yourself and the planet.;https://watch.plex.tv/live-tv/channel/commune
Discover Film;Movies;EN;Discover an exciting new way to be entertained. Bite-sized movies, comedy, kids, docs & more with Oscar winners and famous faces.;https://watch.plex.tv/live-tv/channel/discover-film
Nosey Escándalos;En Español;ES;¡Traición! ¡Peleas! ¡Infidelidad! ¿Quién es el padre? ¡Descubra el drama y la verdad con Jerry Springer, Maury Povich y Juez Dad!;https://watch.plex.tv/live-tv/channel/nosey-escandalos
True History;History & Science;EN;True History introduces you to the moments, places, and people that have shaped our modern world.;https://watch.plex.tv/live-tv/channel/true-history
Are We There Yet?;Comedy;EN;From acclaimed actor/producer Ice Cube, Are We There Yet? focuses on the life challenges faced by a new blended family.;https://watch.plex.tv/live-tv/channel/are-we-there-yet
More U;Lifestyle;EN;MORE U will enliven, elevate and enrich viewers’ lives.;https://watch.plex.tv/live-tv/channel/more-u
AfroLandTV;Black Entertainment;EN;Watch Hundreds of African movies, Nollywood, and TV shows from Africa and its diaspora!;https://watch.plex.tv/live-tv/channel/afrolandtv
USA TODAY;News;EN;From the nation’s news to heartwarming moments, sports, and pop culture, stay connected to the world around you with USA TODAY.;https://watch.plex.tv/live-tv/channel/usa-today-news
Rakuten Viki;International;KO;Rakuten Viki is the ultimate destination for K-Dramas and Asian entertainment fans.;https://watch.plex.tv/live-tv/channel/rakuten-viki
The Carol Burnett Show;Classic TV;EN;Binge episodes from all 11 seasons of the 25-time Emmy® Award-winning series!;https://watch.plex.tv/live-tv/channel/the-carol-burnett-show
BABY SHARK TV;Kids & Family;EN;Baby Shark TV. Where kids can Dance & Learn! Best Nursery Rhymes, Healthy Habits, Colors, Letters, and more.;https://watch.plex.tv/live-tv/channel/baby-shark-tv
Johnny Carson TV;Classic TV;EN;The undisputed King Of Late Night television is now streaming for the first time ever on Johnny Carson TV.;https://watch.plex.tv/live-tv/channel/johnny-carson-tv
WildEarth;Nature & Travel;EN;The WildEarth Channel is a 24/7 channel dedicated to transporting viewers into remote wilderness areas. Suitable for families.;https://watch.plex.tv/live-tv/channel/wildearth
Toony Planet;Kids & Family;EN;Here comes Miniforce rangers, Vroomiz animal cars, Watch-Car power racing battles, Monkart monsters, and more to save the world!;https://watch.plex.tv/live-tv/channel/toony-planet
NEW K-POP;Music;KO;Enjoy the latest selection of top-rated K-Pop TV shows featuring Music Variety, Reality Shows, Dramas, Docs, and more to come!;https://watch.plex.tv/live-tv/channel/new-k-id
YG TV;Music;KO;YG TV is your destination for YG artists' original music videos, making films, world tour concerts, reality shows, and more.;https://watch.plex.tv/live-tv/channel/yg-tv
Qwest TV;Music;EN;Quincy Jones invites you to explore a world of music through curated playlists showcasing top live performances and archive gems.;https://watch.plex.tv/live-tv/channel/qwest-tv
NHRA TV;Sports;EN;Witness American Drag Racing as the NHRA brings you exclusive 24/7 content of the fastest most explosive motorsporton earth.;https://watch.plex.tv/live-tv/channel/nhra-tv
MOVIESPHERE;Movies;EN;Free Movies and TV, 24/7;https://watch.plex.tv/live-tv/channel/moviesphere-2
TNA Wrestling Channel;Sports;EN;Showcasing the very best of pro wrestling action.;https://watch.plex.tv/live-tv/channel/tna-wrestling-channel
Fight Network;Sports;EN;The world’s premier 24/7 combat sports network dedicated to complete coverage of combat sports and professional wrestling.;https://watch.plex.tv/live-tv/channel/fight-network
FTF Sports;Sports;EN;FTF Sports is an award-winning network delivering world-class international and domestic sports to fans across the globe.;https://watch.plex.tv/live-tv/channel/for-the-fans
Motorvision TV;Sports;EN;Luxury limousines, SUVs and vintage cars: MOTORVISION TV presents the gripping world of auto mobility.;https://watch.plex.tv/live-tv/channel/motorvision-tv
Euronews;News;EN;Euronews is Europe's leading international news channel;https://watch.plex.tv/live-tv/channel/euronews
Euronews Español;News, En Español;ES;Euronews es el principal canal internacional de noticias de Europa;https://watch.plex.tv/live-tv/channel/euronews-espanol
Real Life;Reality;EN;The home of all things lifestyle.;https://watch.plex.tv/live-tv/channel/real-families
Hard Knocks;Sports;EN;Hard Knocks is your go-to destination for MMA and Fighter action!;https://watch.plex.tv/live-tv/channel/hard-knocks
Humor Mill;Comedy;EN;The only urban comedy channel featuring stand up performances, sketches, documentaries, behind-the-scenes, one on one interviews.;https://watch.plex.tv/live-tv/channel/humor-mill
History Hit;History & Science;EN;Your history channel of compelling, stunning and captivating tales - from ancient Egypt to;
modern history.;https://watch.plex.tv/live-tv/channel/history-hit;;;
Real Stories;Reality;EN;The home of award-winning, premium, and international documentaries.;https://watch.plex.tv/live-tv/channel/real-stories
Wonder;Nature & Travel;EN;Wonder is home to the extraordinary and emotional, the weird and the wonderful, and the simply eye-opening;https://watch.plex.tv/live-tv/channel/wonder
Filmstream;Movies;EN;Film Stream brings great entertainment with cult classics and arthouse fares, international documentaries and critically acclaimed short films - it's all here!;https://watch.plex.tv/live-tv/channel/filmstream
RevryNews;News;EN;24/7 live news highlighting the best queer interest and pop culture programming;https://watch.plex.tv/live-tv/channel/revrynews
Yahoo Finance;News;EN;Yahoo Finance is the world’s #1 finance destination, empowering investors with news, information, and tools to make financial decisions with confidence.;https://watch.plex.tv/live-tv/channel/yahoo-finance
TG Junior;Kids & Family;EN;Fun and educational shows, from Sing-Along Songs, Arts and Crafts, and Amazing Animals, all for your little ones to enjoy.;https://watch.plex.tv/live-tv/channel/tg-junior
SKWAD;Kids & Family;EN;SKWAD brings together the best from gaming culture, along with some straight up weird shows that your kids will love!;https://watch.plex.tv/live-tv/channel/skwad
Judge Nosey;Daytime TV;EN;Steve Wilkos and classic Court shows bring real people and real drama right to your living room. Get Real Nosey all day, every day….for free.;https://watch.plex.tv/live-tv/channel/judge-nosey
Gravitas Movies;Movies;EN;"Get your movie fix with Gravitas: A dynamic lineup of A-list hits, award-winning docs, and holiday favorites – all ""Always in Season.”";https://watch.plex.tv/live-tv/channel/gravitas-movies
The Boat Show;Lifestyle;EN;Join The Boat Show for exciting yachting adventures, the latest boat tech, expert sailing tips, and exclusive yacht tours. Set sail today!;https://watch.plex.tv/live-tv/channel/the-boat-show
Maverick Black Cinema;Black Entertainment;EN;Maverick is the leading indie distributor of Urban and Black Cinema.;https://watch.plex.tv/live-tv/channel/maverick-black-cinema
Always Funny en Español;En Español;ES;America's Funny Home - America's longest running funny video television program. We've been collecting funny viral videos since 1989.;https://watch.plex.tv/live-tv/channel/always-funny-en-espanol
Choppertown;Lifestyle;EN;Documentaries and movies about the life. Choppers, bobbers, cars and friendship. Staying independent since 2004.;https://watch.plex.tv/live-tv/channel/choppertown
Popstar! TV;Lifestyle;EN;Popstar! TV is streaming today's celebrity news and entertainment with the latest in female dramas, comedies, movies, and hot gossip!;https://watch.plex.tv/live-tv/channel/popstar-tv
Revry;Lifestyle;EN;The premiere digital media network for the inclusive 21st century queer community offering a uniquely curated selection of entertainment.;https://watch.plex.tv/live-tv/channel/revry
Always Funny;Comedy;EN;Always Funny is comedy programming from the creators of America's Funniest Home Videos. 24/7 LOLs that's fun for whole family!;https://watch.plex.tv/live-tv/channel/always-funny
Law & Crime;True Crime;EN;Law & Crime is the only site for live court video, high-profile criminal trials, crazy crime, celebrity justice, and smart legal analysis.;https://watch.plex.tv/live-tv/channel/law-and-crime
Kidoodle TV;Kids & Family;EN;Favorite, fun and engaging kids shows hand-picked by parents like you. Find peace-of-mind with our kid safe programming.;https://watch.plex.tv/live-tv/channel/kidoodle-tv
party tyme karaoke;Music, En Español;ES;Sing the hottest hits!;https://watch.plex.tv/live-tv/channel/party-tyme-karaoke
Toon Goggles;Kids & Family, En Español;ES;All your favorite kids shows for free including fan favorites such as Angry Birds, Talking Tom, Om Nom, Gummy Bears, and more!;https://watch.plex.tv/live-tv/channel/toon-goggles
Wu Tang Collection;Sci-Fi & Action;EN;The Wu Tang Collection is dedicated to sharing and preserving some of the most unique Martial Arts films in Asian cinema history.;https://watch.plex.tv/live-tv/channel/wu-tang-collection
